object_location,image_small,image_thumb
/objects/2003-08-03_dead_dylan.pdf.png,/objects/small/2003-08-03_dead_dylan.pdf_sm.jpg,/objects/thumbs/2003-08-03_dead_dylan.pdf_th.jpg
/objects/Doxie 0758 2.png,/objects/small/doxie 0758 2_sm.jpg,/objects/thumbs/doxie 0758 2_th.jpg
/objects/King Crimson Royal Albert Hall 2019-07-19.jpg,/objects/small/king crimson royal albert hall 2019-07-19_sm.jpg,/objects/thumbs/king crimson royal albert hall 2019-07-19_th.jpg
/objects/beach_boys.png,/objects/small/beach_boys_sm.jpg,/objects/thumbs/beach_boys_th.jpg
/objects/concert ticket grateful dead nd.png,/objects/small/concert ticket grateful dead nd_sm.jpg,/objects/thumbs/concert ticket grateful dead nd_th.jpg
/objects/concert ticket guided by voices 20-10-29.png,/objects/small/concert ticket guided by voices 20-10-29_sm.jpg,/objects/thumbs/concert ticket guided by voices 20-10-29_th.jpg
/objects/concert ticket the who 1982-10-07.png,/objects/small/concert ticket the who 1982-10-07_sm.jpg,/objects/thumbs/concert ticket the who 1982-10-07_th.jpg
/objects/concert ticket the who 2013-02-17.png,/objects/small/concert ticket the who 2013-02-17_sm.jpg,/objects/thumbs/concert ticket the who 2013-02-17_th.jpg
/objects/egbdf 1.png,/objects/small/egbdf 1_sm.jpg,/objects/thumbs/egbdf 1_th.jpg
/objects/nt.jpg,/objects/small/nt_sm.jpg,/objects/thumbs/nt_th.jpg
/objects/object_list.csv,,
/objects/peter gabriel 2003-08-02.png,/objects/small/peter gabriel 2003-08-02_sm.jpg,/objects/thumbs/peter gabriel 2003-08-02_th.jpg
/objects/pix041.jpg,/objects/small/pix041_sm.jpg,/objects/thumbs/pix041_th.jpg
/objects/pix042.jpg,/objects/small/pix042_sm.jpg,/objects/thumbs/pix042_th.jpg
/objects/tix001.jpg,/objects/small/tix001_sm.jpg,/objects/thumbs/tix001_th.jpg
/objects/tix002.jpg,/objects/small/tix002_sm.jpg,/objects/thumbs/tix002_th.jpg
/objects/tix003.png,/objects/small/tix003_sm.jpg,/objects/thumbs/tix003_th.jpg
/objects/tix004.png,/objects/small/tix004_sm.jpg,/objects/thumbs/tix004_th.jpg
/objects/tix005.png,/objects/small/tix005_sm.jpg,/objects/thumbs/tix005_th.jpg
/objects/tix006.png,/objects/small/tix006_sm.jpg,/objects/thumbs/tix006_th.jpg
/objects/tix007.png,/objects/small/tix007_sm.jpg,/objects/thumbs/tix007_th.jpg
/objects/tix008.png,/objects/small/tix008_sm.jpg,/objects/thumbs/tix008_th.jpg
/objects/tix009.jpg,/objects/small/tix009_sm.jpg,/objects/thumbs/tix009_th.jpg
/objects/tix009.png,/objects/small/tix009_sm.jpg,/objects/thumbs/tix009_th.jpg
/objects/tix010.png,/objects/small/tix010_sm.jpg,/objects/thumbs/tix010_th.jpg
/objects/tix011.png,/objects/small/tix011_sm.jpg,/objects/thumbs/tix011_th.jpg
/objects/tix012.png,/objects/small/tix012_sm.jpg,/objects/thumbs/tix012_th.jpg
/objects/tix013.png,/objects/small/tix013_sm.jpg,/objects/thumbs/tix013_th.jpg
/objects/tix014.png,/objects/small/tix014_sm.jpg,/objects/thumbs/tix014_th.jpg
/objects/tix015.png,/objects/small/tix015_sm.jpg,/objects/thumbs/tix015_th.jpg
/objects/tix016.png,/objects/small/tix016_sm.jpg,/objects/thumbs/tix016_th.jpg
/objects/tix017.png,/objects/small/tix017_sm.jpg,/objects/thumbs/tix017_th.jpg
/objects/tix018.jpg,/objects/small/tix018_sm.jpg,/objects/thumbs/tix018_th.jpg
/objects/tix019.jpg,/objects/small/tix019_sm.jpg,/objects/thumbs/tix019_th.jpg
/objects/tix020.png,/objects/small/tix020_sm.jpg,/objects/thumbs/tix020_th.jpg
/objects/tix021.jpg,/objects/small/tix021_sm.jpg,/objects/thumbs/tix021_th.jpg
/objects/tix022.jpg,/objects/small/tix022_sm.jpg,/objects/thumbs/tix022_th.jpg
/objects/tix023.jpg,/objects/small/tix023_sm.jpg,/objects/thumbs/tix023_th.jpg
/objects/tix024.jpg,/objects/small/tix024_sm.jpg,/objects/thumbs/tix024_th.jpg
/objects/tix025.jpg,/objects/small/tix025_sm.jpg,/objects/thumbs/tix025_th.jpg
/objects/tix026.jpg,/objects/small/tix026_sm.jpg,/objects/thumbs/tix026_th.jpg
/objects/tix027.jpg,/objects/small/tix027_sm.jpg,/objects/thumbs/tix027_th.jpg
/objects/tix028.jpg,/objects/small/tix028_sm.jpg,/objects/thumbs/tix028_th.jpg
/objects/tix029.jpg,/objects/small/tix029_sm.jpg,/objects/thumbs/tix029_th.jpg
/objects/tix030.jpg,/objects/small/tix030_sm.jpg,/objects/thumbs/tix030_th.jpg
/objects/tix031.jpg,/objects/small/tix031_sm.jpg,/objects/thumbs/tix031_th.jpg
/objects/tix032.jpg,/objects/small/tix032_sm.jpg,/objects/thumbs/tix032_th.jpg
/objects/tix033.jpg,/objects/small/tix033_sm.jpg,/objects/thumbs/tix033_th.jpg
/objects/tix034.jpg,/objects/small/tix034_sm.jpg,/objects/thumbs/tix034_th.jpg
/objects/tix035.jpg,/objects/small/tix035_sm.jpg,/objects/thumbs/tix035_th.jpg
/objects/tix036.jpg,/objects/small/tix036_sm.jpg,/objects/thumbs/tix036_th.jpg
/objects/tix037.jpg,/objects/small/tix037_sm.jpg,/objects/thumbs/tix037_th.jpg
/objects/tix038.jpg,/objects/small/tix038_sm.jpg,/objects/thumbs/tix038_th.jpg
/objects/tix039.jpg,/objects/small/tix039_sm.jpg,/objects/thumbs/tix039_th.jpg
/objects/tix040.jpg,/objects/small/tix040_sm.jpg,/objects/thumbs/tix040_th.jpg
/objects/tix041.jpg,/objects/small/tix041_sm.jpg,/objects/thumbs/tix041_th.jpg
/objects/tix042.jpg,/objects/small/tix042_sm.jpg,/objects/thumbs/tix042_th.jpg
/objects/tix043.jpg,/objects/small/tix043_sm.jpg,/objects/thumbs/tix043_th.jpg
/objects/tix044.jpg,/objects/small/tix044_sm.jpg,/objects/thumbs/tix044_th.jpg
/objects/tix045.jpg,/objects/small/tix045_sm.jpg,/objects/thumbs/tix045_th.jpg
/objects/tix046.jpg,/objects/small/tix046_sm.jpg,/objects/thumbs/tix046_th.jpg
/objects/tix047.jpg,/objects/small/tix047_sm.jpg,/objects/thumbs/tix047_th.jpg
/objects/tix048.jpg,/objects/small/tix048_sm.jpg,/objects/thumbs/tix048_th.jpg
/objects/tix049.jpg,/objects/small/tix049_sm.jpg,/objects/thumbs/tix049_th.jpg
/objects/tix050.jpg,/objects/small/tix050_sm.jpg,/objects/thumbs/tix050_th.jpg
/objects/tix051.jpg,/objects/small/tix051_sm.jpg,/objects/thumbs/tix051_th.jpg
/objects/tix052.jpg,/objects/small/tix052_sm.jpg,/objects/thumbs/tix052_th.jpg
/objects/tix053.jpg,/objects/small/tix053_sm.jpg,/objects/thumbs/tix053_th.jpg
/objects/tix054.jpg,/objects/small/tix054_sm.jpg,/objects/thumbs/tix054_th.jpg
/objects/tix055.jpg,/objects/small/tix055_sm.jpg,/objects/thumbs/tix055_th.jpg
/objects/tix056.png,/objects/small/tix056_sm.jpg,/objects/thumbs/tix056_th.jpg
/objects/tix057.jpg,/objects/small/tix057_sm.jpg,/objects/thumbs/tix057_th.jpg
/objects/tix058.jpg,/objects/small/tix058_sm.jpg,/objects/thumbs/tix058_th.jpg
/objects/tix059.jpg,/objects/small/tix059_sm.jpg,/objects/thumbs/tix059_th.jpg
/objects/tix060.jpg,/objects/small/tix060_sm.jpg,/objects/thumbs/tix060_th.jpg
/objects/tix061.jpg,/objects/small/tix061_sm.jpg,/objects/thumbs/tix061_th.jpg
/objects/tix062.jpg,/objects/small/tix062_sm.jpg,/objects/thumbs/tix062_th.jpg
/objects/tix063.jpg,/objects/small/tix063_sm.jpg,/objects/thumbs/tix063_th.jpg
/objects/tix064.jpg,/objects/small/tix064_sm.jpg,/objects/thumbs/tix064_th.jpg
/objects/tix065.jpg,/objects/small/tix065_sm.jpg,/objects/thumbs/tix065_th.jpg
/objects/tix066.jpg,/objects/small/tix066_sm.jpg,/objects/thumbs/tix066_th.jpg
/objects/tix067.jpg,/objects/small/tix067_sm.jpg,/objects/thumbs/tix067_th.jpg
/objects/tix068.jpg,/objects/small/tix068_sm.jpg,/objects/thumbs/tix068_th.jpg
/objects/tix069.jpg,/objects/small/tix069_sm.jpg,/objects/thumbs/tix069_th.jpg
/objects/tix070.jpg,/objects/small/tix070_sm.jpg,/objects/thumbs/tix070_th.jpg
/objects/tix071.jpg,/objects/small/tix071_sm.jpg,/objects/thumbs/tix071_th.jpg
/objects/tix072.jpg,/objects/small/tix072_sm.jpg,/objects/thumbs/tix072_th.jpg
/objects/tix073.jpg,/objects/small/tix073_sm.jpg,/objects/thumbs/tix073_th.jpg
/objects/tix074.jpg,/objects/small/tix074_sm.jpg,/objects/thumbs/tix074_th.jpg
/objects/tix075.jpg,/objects/small/tix075_sm.jpg,/objects/thumbs/tix075_th.jpg
/objects/tix076.jpg,/objects/small/tix076_sm.jpg,/objects/thumbs/tix076_th.jpg
/objects/tix077.jpg,/objects/small/tix077_sm.jpg,/objects/thumbs/tix077_th.jpg
/objects/tix078.jpg,/objects/small/tix078_sm.jpg,/objects/thumbs/tix078_th.jpg
/objects/tix079.jpg,/objects/small/tix079_sm.jpg,/objects/thumbs/tix079_th.jpg
/objects/tix080.jpg,/objects/small/tix080_sm.jpg,/objects/thumbs/tix080_th.jpg
/objects/tix081.jpg,/objects/small/tix081_sm.jpg,/objects/thumbs/tix081_th.jpg
/objects/tix082.jpg,/objects/small/tix082_sm.jpg,/objects/thumbs/tix082_th.jpg
/objects/u2_tickets_2017-09-10.pdf,/objects/small/u2_tickets_2017-09-10_sm.jpg,/objects/thumbs/u2_tickets_2017-09-10_th.jpg
